<?xml version="1.0" encoding="UTF-8"?>
<Configuration status="WARN">

    <Appenders>
        <Console name="Console" target="SYSTEM_OUT">
            <PatternLayout pattern="%d{HH:mm:ss.SSS} [%t] %-5level %logger{36} - %msg%n"/>
        </Console>

        <File name="errors" fileName="E:/Java/ExceptionsDebuggingAndTesting/homework_1/ConsoleCustomerList/logs/errors.log">
            <PatternLayout pattern="%d{yyyy-mm-dd HH:mm:ss.SSS} [%t] %-5level %logger{36} - %msg%n"/>
        </File>

        <File name="queries" fileName="E:/Java/ExceptionsDebuggingAndTesting/homework_1/ConsoleCustomerList/logs/queries.log">
            <PatternLayout pattern="%d{yyyy-mm-dd HH:mm:ss.SSS} [%t] %-5level %logger{36} - %msg%n"/>
        </File>
    </Appenders>

    <Loggers>
        <!-- Root Logger -->
        <Root level="all">
            <AppenderRef ref="errors" level="error"/>
            <AppenderRef ref="queries" level="info"/>
            <AppenderRef ref="Console" level = "error"/>
        </Root>
    </Loggers>


</Configuration>