{"stations":[{"date":"01.08.1990","depth":"0","has connection":true,"line":"Сокольническая линия","name":"Бульвар Рокоссовского"}]}{"stations":[{"date":"01.08.1990","depth":"-9","has connection":true,"line":"Сокольническая линия","name":"Черкизовская"}]}{"stations":[{"date":"31.12.1965","depth":"-8","has connection":false,"line":"Сокольническая линия","name":"Преображенская площадь"}]}{"stations":[{"date":"15.05.1935","depth":"-9","has connection":false,"line":"Сокольническая линия","name":"Сокольники"}]}{"stations":[{"date":"15.05.1935","depth":"-8","has connection":false,"line":"Сокольническая линия","name":"Красносельская"}]}{"stations":[{"date":"30.01.1952","depth":"-37","has connection":true,"line":"Сокольническая линия","name":"Комсомольская"}]}{"stations":[{"has connection":false,"line":"Сокольническая линия","name":"Красные ворота"}]}{"stations":[{"date":"15.05.1935","depth":"-35","has connection":true,"line":"Сокольническая линия","name":"Чистые пруды"}]}{"stations":[{"date":"15.05.1935","depth":"-32,5","has connection":true,"line":"Сокольническая линия","name":"Лубянка"}]}{"stations":[{"has connection":true,"line":"Сокольническая линия","name":"Охотный ряд"}]}{"stations":[{"date":"15.05.1935","depth":"-12","has connection":true,"line":"Сокольническая линия","name":"Библиотека имени Ленина"}]}{"stations":[{"date":"15.05.1935","depth":"-13","has connection":false,"line":"Сокольническая линия","name":"Кропоткинская"}]}{"stations":[{"has connection":true,"line":"Сокольническая линия","name":"Парк Культуры"}]}{"stations":[{"date":"01.05.1957","depth":"-42","has connection":false,"line":"Сокольническая линия","name":"Фрунзенская"}]}{"stations":[{"date":"01.05.1957","depth":"-42","has connection":true,"line":"Сокольническая линия","name":"Спортивная"}]}{"stations":[{"has connection":false,"line":"Сокольническая линия","name":"Воробьевы горы"}]}{"stations":[{"date":"12.01.1959","depth":"-26,5","has connection":false,"line":"Сокольническая линия","name":"Университет"}]}{"stations":[{"date":"30.12.1963","depth":"-16","has connection":false,"line":"Сокольническая линия","name":"Проспект Вернадского"}]}{"stations":[{"date":"30.12.1963","depth":"-8","has connection":false,"line":"Сокольническая линия","name":"Юго-Западная"}]}{"stations":[{"date":"08.12.2014","depth":"-12","has connection":false,"line":"Сокольническая линия","name":"Тропарёво"}]}{"stations":[{"date":"18.01.2016","depth":"-12","has connection":false,"line":"Сокольническая линия","name":"Румянцево"}]}{"stations":[{"date":"15.02.2016","depth":"-12","has connection":false,"line":"Сокольническая линия","name":"Саларьево"}]}{"stations":[{"date":"20.06.2019","depth":"0","has connection":false,"line":"Сокольническая линия","name":"Филатов Луг"}]}{"stations":[{"date":"20.06.2019","depth":"0","has connection":false,"line":"Сокольническая линия","name":"Прокшино"}]}{"stations":[{"date":"20.06.2019","depth":"?","has connection":false,"line":"Сокольническая линия","name":"Ольховая"}]}{"stations":[{"date":"20.06.2019","depth":"?","has connection":false,"line":"Сокольническая линия","name":"Коммунарка"}]}{"stations":[{"date":"31.12.2017","depth":"-14","has connection":false,"line":"Замоскворецкая линия","name":"Ховрино"}]}{"stations":[{"date":"20.12.2018","depth":"-18","has connection":false,"line":"Замоскворецкая линия","name":"Беломорская"}]}{"stations":[{"date":"31.12.1964","depth":"-6","has connection":false,"line":"Замоскворецкая линия","name":"Речной вокзал"}]}{"stations":[{"date":"31.12.1964","depth":"-6","has connection":false,"line":"Замоскворецкая линия","name":"Водный стадион"}]}{"stations":[{"date":"31.12.1964","depth":"-7","has connection":true,"line":"Замоскворецкая линия","name":"Войковская"}]}{"stations":[{"date":"11.09.1938","depth":"-9,6","has connection":false,"line":"Замоскворецкая линия","name":"Сокол"}]}{"stations":[{"date":"11.09.1938","depth":"-10","has connection":false,"line":"Замоскворецкая линия","name":"Аэропорт"}]}{"stations":[{"date":"11.09.1938","depth":"-39,6","has connection":true,"line":"Замоскворецкая линия","name":"Динамо"}]}{"stations":[{"date":"30.01.1952","depth":"-42,5","has connection":true,"line":"Замоскворецкая линия","name":"Белорусская"}]}{"stations":[{"date":"11.09.1938","depth":"-33,1","has connection":false,"line":"Замоскворецкая линия","name":"Маяковская"}]}{"stations":[{"date":"20.07.1979","depth":"-42","has connection":true,"line":"Замоскворецкая линия","name":"Тверская"}]}{"stations":[{"date":"11.09.1938","depth":"-33,9","has connection":true,"line":"Замоскворецкая линия","name":"Театральная"}]}{"stations":[{"date":"20.11.1943","depth":"-37,5","has connection":true,"line":"Замоскворецкая линия","name":"Новокузнецкая"}]}{"stations":[{"date":"01.01.1950","depth":"-40","has connection":true,"line":"Замоскворецкая линия","name":"Павелецкая"}]}{"stations":[{"date":"10.09.2016","depth":"0","has connection":true,"line":"Замоскворецкая линия","name":"Автозаводская"}]}{"stations":[{"date":"28.12.2015","depth":"0","has connection":false,"line":"Замоскворецкая линия","name":"Технопарк"}]}{"stations":[{"date":"11.08.1969","depth":"-9","has connection":false,"line":"Замоскворецкая линия","name":"Коломенская"}]}{"stations":[{"date":"11.08.1969","depth":"-7","has connection":true,"line":"Замоскворецкая линия","name":"Каширская"}]}{"stations":[{"date":"30.12.1984","depth":"-8","has connection":false,"line":"Замоскворецкая линия","name":"Кантемировская"}]}{"stations":[{"date":"30.12.1984","depth":"-8","has connection":true,"line":"Замоскворецкая линия","name":"Царицыно"}]}{"stations":[{"date":"30.12.1984","depth":"-9","has connection":false,"line":"Замоскворецкая линия","name":"Орехово"}]}{"stations":[{"date":"07.09.1985","depth":"-9,5","has connection":false,"line":"Замоскворецкая линия","name":"Домодедовская"}]}{"stations":[{"date":"07.09.1985","depth":"-9","has connection":true,"line":"Замоскворецкая линия","name":"Красногвардейская"}]}{"stations":[{"date":"24.12.2012","depth":"-10","has connection":false,"line":"Замоскворецкая линия","name":"Алма-Атинская"}]}{"stations":[{"date":"28.12.2012","depth":"-11","has connection":false,"line":"Арбатско-Покровская линия","name":"Пятницкое шоссе"}]}{"stations":[{"date":"26.12.2009","depth":"-14","has connection":false,"line":"Арбатско-Покровская линия","name":"Митино"}]}{"stations":[{"date":"26.12.2009","depth":"-14","has connection":true,"line":"Арбатско-Покровская линия","name":"Волоколамская"}]}{"stations":[{"date":"26.12.2009","depth":"0","has connection":false,"line":"Арбатско-Покровская линия","name":"Мякинино"}]}{"stations":[{"date":"07.01.2008","depth":"-8","has connection":false,"line":"Арбатско-Покровская линия","name":"Строгино"}]}{"stations":[{"date":"31.12.1989","depth":"-9,5","has connection":false,"line":"Арбатско-Покровская линия","name":"Крылатское"}]}{"stations":[{"has connection":false,"line":"Арбатско-Покровская линия","name":"Молодежная"}]}{"stations":[{"date":"07.01.2008","depth":"0","has connection":true,"line":"Арбатско-Покровская линия","name":"Кунцевская"}]}{"stations":[{"date":"07.09.2008","depth":"-8,5","has connection":true,"line":"Арбатско-Покровская линия","name":"Славянский бульвар"}]}{"stations":[{"date":"06.05.2003","depth":"-73,6","has connection":true,"line":"Арбатско-Покровская линия","name":"Парк Победы"}]}{"stations":[{"date":"05.04.1953","depth":"-48","has connection":true,"line":"Арбатско-Покровская линия","name":"Киевская"}]}{"stations":[{"date":"15.05.1935","depth":"-8","has connection":false,"line":"Арбатско-Покровская линия","name":"Смоленская"}]}{"stations":[{"date":"05.04.1953","depth":"-41","has connection":true,"line":"Арбатско-Покровская линия","name":"Арбатская"}]}{"stations":[{"date":"13.03.1938","depth":"-33,6","has connection":true,"line":"Арбатско-Покровская линия","name":"Площадь Революции"}]}{"stations":[{"date":"13.03.1938","depth":"-40","has connection":true,"line":"Арбатско-Покровская линия","name":"Курская"}]}{"stations":[{"date":"18.01.1944","depth":"-32,5","has connection":false,"line":"Арбатско-Покровская линия","name":"Бауманская"}]}{"stations":[{"date":"31.12.2020","depth":"-20","has connection":true,"line":"Арбатско-Покровская линия","name":"Электрозаводская"}]}{"stations":[{"has connection":false,"line":"Арбатско-Покровская линия","name":"Семеновская"}]}{"stations":[{"date":"18.01.1944","depth":"-9","has connection":true,"line":"Арбатско-Покровская линия","name":"Партизанская"}]}{"stations":[{"date":"21.10.1961","depth":"0","has connection":false,"line":"Арбатско-Покровская линия","name":"Измайловская"}]}{"stations":[{"date":"21.10.1961","depth":"-7","has connection":false,"line":"Арбатско-Покровская линия","name":"Первомайская"}]}{"stations":[{"has connection":false,"line":"Арбатско-Покровская линия","name":"Щелковская"}]}{"stations":[{"date":"15.05.1935","depth":"-7","has connection":true,"line":"Филевская линия","name":"Александровский сад"}]}{"stations":[{"date":"05.04.1953","depth":"-41","has connection":false,"line":"Филевская линия","name":"Арбатская"}]}{"stations":[{"date":"15.05.1935","depth":"-8","has connection":false,"line":"Филевская линия","name":"Смоленская"}]}{"stations":[{"date":"05.04.1953","depth":"-48","has connection":true,"line":"Филевская линия","name":"Киевская"}]}{"stations":[{"date":"07.11.1958","depth":"0","has connection":false,"line":"Филевская линия","name":"Студенческая"}]}{"stations":[{"date":"07.11.1958","depth":"-5","has connection":true,"line":"Филевская линия","name":"Кутузовская"}]}{"stations":[{"date":"07.11.1959","depth":"0","has connection":true,"line":"Филевская линия","name":"Фили"}]}{"stations":[{"date":"13.10.1961","depth":"0","has connection":false,"line":"Филевская линия","name":"Багратионовская"}]}{"stations":[{"has connection":false,"line":"Филевская линия","name":"Филевский парк"}]}{"stations":[{"date":"13.10.1961","depth":"0","has connection":false,"line":"Филевская линия","name":"Пионерская"}]}{"stations":[{"date":"07.01.2008","depth":"0","has connection":true,"line":"Филевская линия","name":"Кунцевская"}]}{"stations":[{"date":"10.09.2005","depth":"-25","has connection":true,"line":"Филевская линия","name":"Выставочная"}]}{"stations":[{"date":"30.08.2006","depth":"-25","has connection":true,"line":"Филевская линия","name":"Международная"}]}{"stations":[{"date":"05.04.1953","depth":"-48","has connection":true,"line":"Кольцевая линия","name":"Киевская"}]}{"stations":[{"has connection":true,"line":"Кольцевая линия","name":"Парк Культуры"}]}{"stations":[{"date":"13.10.1962","depth":"-50","has connection":true,"line":"Кольцевая линия","name":"Октябрьская"}]}{"stations":[{"date":"01.01.1950","depth":"-35,5","has connection":true,"line":"Кольцевая линия","name":"Добрынинская"}]}{"stations":[{"date":"01.01.1950","depth":"-40","has connection":true,"line":"Кольцевая линия","name":"Павелецкая"}]}{"stations":[{"date":"01.01.1950","depth":"-36","has connection":true,"line":"Кольцевая линия","name":"Таганская"}]}{"stations":[{"date":"13.03.1938","depth":"-40","has connection":true,"line":"Кольцевая линия","name":"Курская"}]}{"stations":[{"date":"30.01.1952","depth":"-37","has connection":true,"line":"Кольцевая линия","name":"Комсомольская"}]}{"stations":[{"date":"01.05.1958","depth":"-50","has connection":true,"line":"Кольцевая линия","name":"Проспект Мира"}]}{"stations":[{"date":"30.01.1952","depth":"-40","has connection":true,"line":"Кольцевая линия","name":"Новослободская"}]}{"stations":[{"date":"30.01.1952","depth":"-42,5","has connection":true,"line":"Кольцевая линия","name":"Белорусская"}]}{"stations":[{"date":"14.03.1954","depth":"-35,5","has connection":true,"line":"Кольцевая линия","name":"Краснопресненская"}]}{"stations":[{"date":"17.01.1990","depth":"-7","has connection":true,"line":"Калужско-Рижская линия","name":"Новоясеневская"}]}{"stations":[{"date":"17.01.1990","depth":"-8","has connection":false,"line":"Калужско-Рижская линия","name":"Ясенево"}]}{"stations":[{"has connection":false,"line":"Калужско-Рижская линия","name":"Теплый стан"}]}{"stations":[{"date":"06.11.1987","depth":"-8","has connection":false,"line":"Калужско-Рижская линия","name":"Коньково"}]}{"stations":[{"date":"12.08.1974","depth":"-12","has connection":false,"line":"Калужско-Рижская линия","name":"Беляево"}]}{"stations":[{"date":"12.08.1974","depth":"-10","has connection":false,"line":"Калужско-Рижская линия","name":"Калужская"}]}{"stations":[{"date":"13.10.1962","depth":"-7","has connection":false,"line":"Калужско-Рижская линия","name":"Новые Черёмушки"}]}{"stations":[{"date":"13.10.1962","depth":"-7","has connection":false,"line":"Калужско-Рижская линия","name":"Профсоюзная"}]}{"stations":[{"date":"13.10.1962","depth":"-8,5","has connection":false,"line":"Калужско-Рижская линия","name":"Академическая"}]}{"stations":[{"date":"13.10.1962","depth":"-16","has connection":true,"line":"Калужско-Рижская линия","name":"Ленинский проспект"}]}{"stations":[{"date":"06.11.1980","depth":"-46,5","has connection":false,"line":"Калужско-Рижская линия","name":"Шаболовская"}]}{"stations":[{"date":"13.10.1962","depth":"-50","has connection":true,"line":"Калужско-Рижская линия","name":"Октябрьская"}]}{"stations":[{"date":"25.01.1986","depth":"-46","has connection":true,"line":"Калужско-Рижская линия","name":"Третьяковская"}]}{"stations":[{"date":"03.01.1971","depth":"-29","has connection":true,"line":"Калужско-Рижская линия","name":"Китай-город"}]}{"stations":[{"date":"05.01.1972","depth":"-49","has connection":true,"line":"Калужско-Рижская линия","name":"Тургеневская"}]}{"stations":[{"date":"05.01.1972","depth":"-43","has connection":false,"line":"Калужско-Рижская линия","name":"Сухаревская"}]}{"stations":[{"date":"01.05.1958","depth":"-50","has connection":true,"line":"Калужско-Рижская линия","name":"Проспект Мира"}]}{"stations":[{"date":"01.05.1958","depth":"-46","has connection":false,"line":"Калужско-Рижская линия","name":"Рижская"}]}{"stations":[{"date":"01.05.1958","depth":"-51","has connection":false,"line":"Калужско-Рижская линия","name":"Алексеевская"}]}{"stations":[{"date":"01.05.1958","depth":"-53,5","has connection":false,"line":"Калужско-Рижская линия","name":"ВДНХ"}]}{"stations":[{"date":"10.09.2016","depth":"0","has connection":true,"line":"Калужско-Рижская линия","name":"Ботанический сад"}]}{"stations":[{"date":"30.09.1978","depth":"-8","has connection":false,"line":"Калужско-Рижская линия","name":"Свиблово"}]}{"stations":[{"date":"30.09.1978","depth":"-10","has connection":false,"line":"Калужско-Рижская линия","name":"Бабушкинская"}]}{"stations":[{"date":"30.09.1978","depth":"-10","has connection":false,"line":"Калужско-Рижская линия","name":"Медведково"}]}{"stations":[{"date":"21.09.2015","depth":"-15","has connection":false,"line":"Таганско-Краснопресненская линия","name":"Котельники"}]}{"stations":[{"date":"09.11.2013","depth":"-15","has connection":false,"line":"Таганско-Краснопресненская линия","name":"Жулебино"}]}{"stations":[{"date":"09.11.2013","depth":"-12","has connection":true,"line":"Таганско-Краснопресненская линия","name":"Лермонтовский проспект"}]}{"stations":[{"date":"31.12.1966","depth":"0","has connection":false,"line":"Таганско-Краснопресненская линия","name":"Выхино"}]}{"stations":[{"date":"31.12.1966","depth":"-6","has connection":false,"line":"Таганско-Краснопресненская линия","name":"Рязанский проспект"}]}{"stations":[{"date":"31.12.1966","depth":"-8","has connection":false,"line":"Таганско-Краснопресненская линия","name":"Кузьминки"}]}{"stations":[{"date":"31.12.1966","depth":"-13","has connection":true,"line":"Таганско-Краснопресненская линия","name":"Текстильщики"}]}{"stations":[{"date":"31.12.1966","depth":"-8","has connection":true,"line":"Таганско-Краснопресненская линия","name":"Волгоградский проспект"}]}{"stations":[{"date":"31.12.1966","depth":"-9","has connection":true,"line":"Таганско-Краснопресненская линия","name":"Пролетарская"}]}{"stations":[{"date":"01.01.1950","depth":"-36","has connection":true,"line":"Таганско-Краснопресненская линия","name":"Таганская"}]}{"stations":[{"date":"03.01.1971","depth":"-29","has connection":true,"line":"Таганско-Краснопресненская линия","name":"Китай-город"}]}{"stations":[{"has connection":true,"line":"Таганско-Краснопресненская линия","name":"Кузнецкий мост"}]}{"stations":[{"date":"17.12.1975","depth":"-51","has connection":true,"line":"Таганско-Краснопресненская линия","name":"Пушкинская"}]}{"stations":[{"date":"30.12.1972","depth":"-30","has connection":true,"line":"Таганско-Краснопресненская линия","name":"Баррикадная"}]}{"stations":[{"date":"30.12.1972","depth":"-11","has connection":false,"line":"Таганско-Краснопресненская линия","name":"Улица 1905 года"}]}{"stations":[{"date":"30.12.1972","depth":"-9","has connection":true,"line":"Таганско-Краснопресненская линия","name":"Беговая"}]}{"stations":[{"date":"30.12.1972","depth":"-10","has connection":true,"line":"Таганско-Краснопресненская линия","name":"Полежаевская"}]}{"stations":[{"date":"30.12.1972","depth":"-9","has connection":true,"line":"Таганско-Краснопресненская линия","name":"Октябрьское Поле"}]}{"stations":[{"date":"30.12.1975","depth":"-13","has connection":false,"line":"Таганско-Краснопресненская линия","name":"Щукинская"}]}{"stations":[{"date":"27.08.2014","depth":"-10","has connection":false,"line":"Таганско-Краснопресненская линия","name":"Спартак"}]}{"stations":[{"date":"30.12.1975","depth":"-10,5","has connection":true,"line":"Таганско-Краснопресненская линия","name":"Тушинская"}]}{"stations":[{"date":"30.12.1975","depth":"-6","has connection":false,"line":"Таганско-Краснопресненская линия","name":"Сходненская"}]}{"stations":[{"date":"30.12.1975","depth":"-6","has connection":false,"line":"Таганско-Краснопресненская линия","name":"Планерная"}]}{"stations":[{"date":"30.08.2012","depth":"-9","has connection":false,"line":"Калининско-Солнцевская линия","name":"Новокосино"}]}{"stations":[{"date":"30.12.1979","depth":"-9","has connection":false,"line":"Калининско-Солнцевская линия","name":"Новогиреево"}]}{"stations":[{"date":"30.12.1979","depth":"-9","has connection":false,"line":"Калининско-Солнцевская линия","name":"Перово"}]}{"stations":[{"date":"30.12.1979","depth":"-53","has connection":true,"line":"Калининско-Солнцевская линия","name":"Шоссе Энтузиастов"}]}{"stations":[{"date":"27.03.2020","depth":"?","has connection":true,"line":"Калининско-Солнцевская линия","name":"Авиамоторная"}]}{"stations":[{"date":"30.12.1979","depth":"-46","has connection":true,"line":"Калининско-Солнцевская линия","name":"Площадь Ильича"}]}{"stations":[{"date":"30.12.1979","depth":"-60","has connection":true,"line":"Калининско-Солнцевская линия","name":"Марксистская"}]}{"stations":[{"date":"25.01.1986","depth":"-46","has connection":true,"line":"Калининско-Солнцевская линия","name":"Третьяковская"}]}{"stations":[{"date":"31.01.2014","depth":"-30","has connection":true,"line":"Калининско-Солнцевская линия","name":"Деловой центр"}]}{"stations":[{"date":"06.05.2003","depth":"-73,6","has connection":true,"line":"Калининско-Солнцевская линия","name":"Парк Победы"}]}{"stations":[{"date":"16.03.2017","depth":"-15","has connection":false,"line":"Калининско-Солнцевская линия","name":"Минская"}]}{"stations":[{"date":"16.03.2017","depth":"-15","has connection":false,"line":"Калининско-Солнцевская линия","name":"Ломоносовский проспект"}]}{"stations":[{"date":"16.03.2017","depth":"-15","has connection":false,"line":"Калининско-Солнцевская линия","name":"Раменки"}]}{"stations":[{"date":"30.08.2018","depth":"-19","has connection":false,"line":"Калининско-Солнцевская линия","name":"Мичуринский проспект"}]}{"stations":[{"date":"30.08.2018","depth":"-25","has connection":false,"line":"Калининско-Солнцевская линия","name":"Озёрная"}]}{"stations":[{"date":"30.08.2018","depth":"-14","has connection":false,"line":"Калининско-Солнцевская линия","name":"Говорово"}]}{"stations":[{"date":"30.08.2018","depth":"-13","has connection":false,"line":"Калининско-Солнцевская линия","name":"Солнцево"}]}{"stations":[{"date":"30.08.2018","depth":"-20","has connection":false,"line":"Калининско-Солнцевская линия","name":"Боровское шоссе"}]}{"stations":[{"date":"30.08.2018","depth":"-16","has connection":false,"line":"Калининско-Солнцевская линия","name":"Новопеределкино"}]}{"stations":[{"date":"30.08.2018","depth":"-12","has connection":false,"line":"Калининско-Солнцевская линия","name":"Рассказовка"}]}{"stations":[{"date":"26.12.2002","depth":"-10","has connection":true,"line":"Серпуховско-Тимирязевская линия","name":"Бульвар Дмитрия Донского"}]}{"stations":[{"date":"12.12.2001","depth":"-8","has connection":false,"line":"Серпуховско-Тимирязевская линия","name":"Аннино"}]}{"stations":[{"has connection":false,"line":"Серпуховско-Тимирязевская линия","name":"Улица академика Янгеля"}]}{"stations":[{"date":"06.11.1985","depth":"-9,5","has connection":false,"line":"Серпуховско-Тимирязевская линия","name":"Пражская"}]}{"stations":[{"date":"08.11.1983","depth":"-10","has connection":false,"line":"Серпуховско-Тимирязевская линия","name":"Южная"}]}{"stations":[{"date":"08.11.1983","depth":"-10,5","has connection":false,"line":"Серпуховско-Тимирязевская линия","name":"Чертановская"}]}{"stations":[{"date":"08.11.1983","depth":"-13","has connection":false,"line":"Серпуховско-Тимирязевская линия","name":"Севастопольская"}]}{"stations":[{"has connection":false,"line":"Серпуховско-Тимирязевская линия","name":"Нахимовский Проспект"}]}{"stations":[{"date":"08.11.1983","depth":"-9","has connection":false,"line":"Серпуховско-Тимирязевская линия","name":"Нагорная"}]}{"stations":[{"date":"08.11.1983","depth":"-13,5","has connection":false,"line":"Серпуховско-Тимирязевская линия","name":"Нагатинская"}]}{"stations":[{"date":"08.11.1983","depth":"-9,5","has connection":false,"line":"Серпуховско-Тимирязевская линия","name":"Тульская"}]}{"stations":[{"date":"08.11.1983","depth":"-43","has connection":true,"line":"Серпуховско-Тимирязевская линия","name":"Серпуховская"}]}{"stations":[{"date":"23.01.1986","depth":"-36,5","has connection":false,"line":"Серпуховско-Тимирязевская линия","name":"Полянка"}]}{"stations":[{"date":"23.01.1986","depth":"-46,5","has connection":true,"line":"Серпуховско-Тимирязевская линия","name":"Боровицкая"}]}{"stations":[{"date":"31.12.1987","depth":"-62","has connection":true,"line":"Серпуховско-Тимирязевская линия","name":"Чеховская"}]}{"stations":[{"date":"31.12.1988","depth":"-50","has connection":true,"line":"Серпуховско-Тимирязевская линия","name":"Цветной бульвар"}]}{"stations":[{"date":"31.12.1988","depth":"-48,5","has connection":true,"line":"Серпуховско-Тимирязевская линия","name":"Менделеевская"}]}{"stations":[{"has connection":true,"line":"Серпуховско-Тимирязевская линия","name":"Савеловская"}]}{"stations":[{"date":"01.03.1991","depth":"-59","has connection":true,"line":"Серпуховско-Тимирязевская линия","name":"Дмитровская"}]}{"stations":[{"date":"01.03.1991","depth":"-63,5","has connection":true,"line":"Серпуховско-Тимирязевская линия","name":"Тимирязевская"}]}{"stations":[{"date":"16.09.2016","depth":"-61","has connection":true,"line":"Серпуховско-Тимирязевская линия","name":"Петровско-Разумовская"}]}{"stations":[{"date":"10.09.2016","depth":"0","has connection":true,"line":"Серпуховско-Тимирязевская линия","name":"Владыкино"}]}{"stations":[{"date":"01.03.1991","depth":"-9","has connection":false,"line":"Серпуховско-Тимирязевская линия","name":"Отрадное"}]}{"stations":[{"date":"31.12.1992","depth":"-9,5","has connection":false,"line":"Серпуховско-Тимирязевская линия","name":"Бибирево"}]}{"stations":[{"date":"15.07.1994","depth":"-9","has connection":false,"line":"Серпуховско-Тимирязевская линия","name":"Алтуфьево"}]}{"stations":[{"date":"02.12.2011","depth":"-15","has connection":true,"line":"Люблинско-Дмитровская линия","name":"Зябликово"}]}{"stations":[{"date":"02.12.2011","depth":"-10","has connection":false,"line":"Люблинско-Дмитровская линия","name":"Шипиловская"}]}{"stations":[{"date":"02.12.2011","depth":"-10","has connection":false,"line":"Люблинско-Дмитровская линия","name":"Борисово"}]}{"stations":[{"date":"25.12.1996","depth":"-8","has connection":false,"line":"Люблинско-Дмитровская линия","name":"Марьино"}]}{"stations":[{"date":"25.12.1996","depth":"-8","has connection":false,"line":"Люблинско-Дмитровская линия","name":"Братиславская"}]}{"stations":[{"date":"25.12.1996","depth":"-8","has connection":false,"line":"Люблинско-Дмитровская линия","name":"Люблино"}]}{"stations":[{"date":"28.12.1995","depth":"-8","has connection":false,"line":"Люблинско-Дмитровская линия","name":"Волжская"}]}{"stations":[{"date":"28.12.1995","depth":"-5","has connection":true,"line":"Люблинско-Дмитровская линия","name":"Печатники"}]}{"stations":[{"date":"28.12.1995","depth":"-12","has connection":false,"line":"Люблинско-Дмитровская линия","name":"Кожуховская"}]}{"stations":[{"date":"11.10.2016","depth":"0","has connection":true,"line":"Люблинско-Дмитровская линия","name":"Дубровка"}]}{"stations":[{"date":"28.12.1995","depth":"-47","has connection":true,"line":"Люблинско-Дмитровская линия","name":"Крестьянская застава"}]}{"stations":[{"date":"28.12.1995","depth":"-54","has connection":true,"line":"Люблинско-Дмитровская линия","name":"Римская"}]}{"stations":[{"date":"28.12.1995","depth":"-51","has connection":true,"line":"Люблинско-Дмитровская линия","name":"Чкаловская"}]}{"stations":[{"date":"29.12.2007","depth":"-60","has connection":true,"line":"Люблинско-Дмитровская линия","name":"Сретенский бульвар"}]}{"stations":[{"date":"30.08.2007","depth":"-60","has connection":true,"line":"Люблинско-Дмитровская линия","name":"Трубная"}]}{"stations":[{"date":"19.06.2010","depth":"-60","has connection":false,"line":"Люблинско-Дмитровская линия","name":"Достоевская"}]}{"stations":[{"has connection":false,"line":"Люблинско-Дмитровская линия","name":"Марьина роща"}]}{"stations":[{"date":"16.09.2016","depth":"-60","has connection":false,"line":"Люблинско-Дмитровская линия","name":"Бутырская"}]}{"stations":[{"date":"16.09.2016","depth":"-65","has connection":false,"line":"Люблинско-Дмитровская линия","name":"Фонвизинская"}]}{"stations":[{"date":"16.09.2016","depth":"-61","has connection":true,"line":"Люблинско-Дмитровская линия","name":"Петровско-Разумовская"}]}{"stations":[{"date":"22.03.2018","depth":"-65","has connection":true,"line":"Люблинско-Дмитровская линия","name":"Окружная"}]}{"stations":[{"date":"22.03.2018","depth":"-65","has connection":false,"line":"Люблинско-Дмитровская линия","name":"Верхние Лихоборы"}]}{"stations":[{"date":"22.03.2018","depth":"-20","has connection":false,"line":"Люблинско-Дмитровская линия","name":"Селигерская"}]}{"stations":[{"date":"31.12.1988","depth":"-65","has connection":true,"line":"Большая Кольцевая Линия","name":"Савёловская"}]}{"stations":[{"date":"26.02.2018","depth":"-25","has connection":true,"line":"Большая Кольцевая Линия","name":"Петровский парк"}]}{"stations":[{"date":"26.02.2018","depth":"-28","has connection":false,"line":"Большая Кольцевая Линия","name":"ЦСКА"}]}{"stations":[{"date":"26.02.2018","depth":"-21","has connection":true,"line":"Большая Кольцевая Линия","name":"Хорошёвская"}]}{"stations":[{"date":"10.09.2016","depth":"5","has connection":true,"line":"Большая Кольцевая Линия","name":"Шелепиха"}]}{"stations":[{"date":"31.01.2014","depth":"-30","has connection":true,"line":"Большая Кольцевая Линия","name":"Деловой центр"}]}{"stations":[{"date":"11.08.1969","depth":"-8","has connection":false,"line":"Каховская линия","name":"Каховская"}]}{"stations":[{"date":"11.08.1969","depth":"-9","has connection":false,"line":"Каховская линия","name":"Варшавская"}]}{"stations":[{"date":"11.08.1969","depth":"-7","has connection":true,"line":"Каховская линия","name":"Каширская"}]}{"stations":[{"date":"27.02.2014","depth":"-10","has connection":true,"line":"Бутовская линия","name":"Битцевский парк"}]}{"stations":[{"date":"27.02.2014","depth":"-10","has connection":false,"line":"Бутовская линия","name":"Лесопарковая"}]}{"stations":[{"date":"27.12.2003","depth":"-10","has connection":true,"line":"Бутовская линия","name":"Улица Старокачаловская"}]}{"stations":[{"date":"27.12.2003","depth":"9,6","has connection":false,"line":"Бутовская линия","name":"Улица Скобелевская"}]}{"stations":[{"has connection":false,"line":"Бутовская линия","name":"Бульвар адмирала Ушакова"}]}{"stations":[{"date":"27.12.2003","depth":"9,6","has connection":false,"line":"Бутовская линия","name":"Улица Горчакова"}]}{"stations":[{"has connection":false,"line":"Бутовская линия","name":"Бунинская Аллея"}]}{"stations":[{"date":"22.03.2018","depth":"-65","has connection":true,"line":"Центральное Кольцо","name":"Окружная"}]}{"stations":[{"date":"10.09.2016","depth":"0","has connection":true,"line":"Центральное Кольцо","name":"Владыкино"}]}{"stations":[{"has connection":true,"line":"Центральное Кольцо","name":"Ботанический Сад"}]}{"stations":[{"date":"10.09.2016","depth":"0","has connection":false,"line":"Центральное Кольцо","name":"Ростокино"}]}{"stations":[{"date":"10.09.2016","depth":"0","has connection":false,"line":"Центральное Кольцо","name":"Белокаменная"}]}{"stations":[{"date":"01.08.1990","depth":"0","has connection":true,"line":"Центральное Кольцо","name":"Бульвар Рокоссовского"}]}{"stations":[{"date":"10.09.2016","depth":"0","has connection":true,"line":"Центральное Кольцо","name":"Локомотив"}]}{"stations":[{"date":"10.09.2016","depth":"5","has connection":true,"line":"Центральное Кольцо","name":"Измайлово"}]}{"stations":[{"date":"11.10.2016","depth":"-5","has connection":false,"line":"Центральное Кольцо","name":"Соколиная Гора"}]}{"stations":[{"date":"30.12.1979","depth":"-53","has connection":true,"line":"Центральное Кольцо","name":"Шоссе Энтузиастов"}]}{"stations":[{"date":"10.09.2016","depth":"0","has connection":false,"line":"Центральное Кольцо","name":"Андроновка"}]}{"stations":[{"date":"10.09.2016","depth":"-21,8","has connection":true,"line":"Центральное Кольцо","name":"Нижегородская"}]}{"stations":[{"date":"10.09.2016","depth":"0","has connection":true,"line":"Центральное Кольцо","name":"Новохохловская"}]}{"stations":[{"date":"10.09.2016","depth":"0","has connection":true,"line":"Центральное Кольцо","name":"Угрешская"}]}{"stations":[{"date":"11.10.2016","depth":"0","has connection":true,"line":"Центральное Кольцо","name":"Дубровка"}]}{"stations":[{"date":"10.09.2016","depth":"0","has connection":true,"line":"Центральное Кольцо","name":"Автозаводская"}]}{"stations":[{"date":"10.09.2016","depth":"0","has connection":false,"line":"Центральное Кольцо","name":"ЗИЛ"}]}{"stations":[{"date":"10.09.2016","depth":"0","has connection":false,"line":"Центральное Кольцо","name":"Верхние Котлы"}]}{"stations":[{"date":"10.09.2016","depth":"-3","has connection":false,"line":"Центральное Кольцо","name":"Крымская"}]}{"stations":[{"date":"10.09.2016","depth":"-5","has connection":true,"line":"Центральное Кольцо","name":"Площадь Гагарина"}]}{"stations":[{"date":"10.09.2016","depth":"5","has connection":true,"line":"Центральное Кольцо","name":"Лужники"}]}{"stations":[{"date":"07.11.1958","depth":"-5","has connection":true,"line":"Центральное Кольцо","name":"Кутузовская"}]}{"stations":[{"date":"31.01.2014","depth":"-30","has connection":true,"line":"Центральное Кольцо","name":"Деловой центр"}]}{"stations":[{"date":"10.09.2016","depth":"5","has connection":true,"line":"Центральное Кольцо","name":"Шелепиха"}]}{"stations":[{"date":"10.09.2016","depth":"5","has connection":true,"line":"Центральное Кольцо","name":"Хорошёво"}]}{"stations":[{"date":"04.11.2016","depth":"0","has connection":true,"line":"Центральное Кольцо","name":"Зорге"}]}{"stations":[{"date":"08.11.2016","depth":"0","has connection":true,"line":"Центральное Кольцо","name":"Панфиловская"}]}{"stations":[{"date":"10.09.2016","depth":"0","has connection":true,"line":"Центральное Кольцо","name":"Стрешнево"}]}{"stations":[{"date":"10.09.2016","depth":"0","has connection":true,"line":"Центральное Кольцо","name":"Балтийская"}]}{"stations":[{"date":"01.11.2016","depth":"0","has connection":false,"line":"Центральное Кольцо","name":"Коптево"}]}{"stations":[{"date":"10.09.2016","depth":"0","has connection":false,"line":"Центральное Кольцо","name":"Лихоборы"}]}{"stations":[{"date":"31.12.2020","depth":"-20","has connection":true,"line":"Некрасовская линия","name":"Электрозаводская"}]}{"stations":[{"date":"27.03.2020","depth":"?","has connection":false,"line":"Некрасовская линия","name":"Лефортово"}]}{"stations":[{"date":"27.03.2020","depth":"?","has connection":true,"line":"Некрасовская линия","name":"Авиамоторная"}]}{"stations":[{"date":"10.09.2016","depth":"-21,8","has connection":true,"line":"Некрасовская линия","name":"Нижегородская"}]}{"stations":[{"date":"27.03.2020","depth":"?","has connection":false,"line":"Некрасовская линия","name":"Стахановская"}]}{"stations":[{"date":"27.03.2020","depth":"?","has connection":false,"line":"Некрасовская линия","name":"Окская"}]}{"stations":[{"date":"27.03.2020","depth":"-20","has connection":false,"line":"Некрасовская линия","name":"Юго-Восточная"}]}{"stations":[{"date":"03.06.2019","depth":"-27","has connection":true,"line":"Некрасовская линия","name":"Косино"}]}{"stations":[{"date":"03.06.2019","depth":"-18","has connection":false,"line":"Некрасовская линия","name":"Улица Дмитриевского"}]}{"stations":[{"date":"03.06.2019","depth":"-15","has connection":false,"line":"Некрасовская линия","name":"Лухмановская"}]}{"stations":[{"date":"03.06.2019","depth":"-16","has connection":false,"line":"Некрасовская линия","name":"Некрасовка"}]}{"stations":[{"has connection":false,"line":"МЦД-1","name":"Одинцово"}]}{"stations":[{"has connection":false,"line":"МЦД-1","name":"Баковка"}]}{"stations":[{"has connection":false,"line":"МЦД-1","name":"Сколково"}]}{"stations":[{"has connection":false,"line":"МЦД-1","name":"Немчиновка"}]}{"stations":[{"has connection":false,"line":"МЦД-1","name":"Сетунь"}]}{"stations":[{"has connection":false,"line":"МЦД-1","name":"Рабочий Посёлок"}]}{"stations":[{"has connection":true,"line":"МЦД-1","name":"Кунцево"}]}{"stations":[{"date":"07.09.2008","depth":"-8,5","has connection":true,"line":"МЦД-1","name":"Славянский бульвар"}]}{"stations":[{"date":"07.11.1959","depth":"0","has connection":true,"line":"МЦД-1","name":"Фили"}]}{"stations":[{"has connection":true,"line":"МЦД-1","name":"Тестовская"}]}{"stations":[{"date":"30.12.1972","depth":"-9","has connection":true,"line":"МЦД-1","name":"Беговая"}]}{"stations":[{"date":"30.01.1952","depth":"-42,5","has connection":true,"line":"МЦД-1","name":"Белорусская"}]}{"stations":[{"date":"31.12.1988","depth":"-65","has connection":true,"line":"МЦД-1","name":"Савёловская"}]}{"stations":[{"date":"01.03.1991","depth":"-63,5","has connection":true,"line":"МЦД-1","name":"Тимирязевская"}]}{"stations":[{"date":"22.03.2018","depth":"-65","has connection":true,"line":"МЦД-1","name":"Окружная"}]}{"stations":[{"has connection":false,"line":"МЦД-1","name":"Дегунино"}]}{"stations":[{"has connection":false,"line":"МЦД-1","name":"Бескудниково"}]}{"stations":[{"has connection":false,"line":"МЦД-1","name":"Лианозово"}]}{"stations":[{"has connection":false,"line":"МЦД-1","name":"Марк"}]}{"stations":[{"has connection":false,"line":"МЦД-1","name":"Новодачная"}]}{"stations":[{"has connection":false,"line":"МЦД-1","name":"Долгопрудная"}]}{"stations":[{"has connection":false,"line":"МЦД-1","name":"Водники"}]}{"stations":[{"has connection":false,"line":"МЦД-1","name":"Хлебниково"}]}{"stations":[{"has connection":false,"line":"МЦД-1","name":"Шереметьевская"}]}{"stations":[{"has connection":false,"line":"МЦД-1","name":"Лобня"}]}{"stations":[{"has connection":false,"line":"МЦД-2","name":"Нахабино"}]}{"stations":[{"has connection":false,"line":"МЦД-2","name":"Аникеевка"}]}{"stations":[{"has connection":false,"line":"МЦД-2","name":"Опалиха"}]}{"stations":[{"has connection":false,"line":"МЦД-2","name":"Красногорская"}]}{"stations":[{"has connection":false,"line":"МЦД-2","name":"Павшино"}]}{"stations":[{"has connection":false,"line":"МЦД-2","name":"Пенягино"}]}{"stations":[{"date":"26.12.2009","depth":"-14","has connection":true,"line":"МЦД-2","name":"Волоколамская"}]}{"stations":[{"has connection":false,"line":"МЦД-2","name":"Трикотажная"}]}{"stations":[{"has connection":true,"line":"МЦД-2","name":"Тушино"}]}{"stations":[{"date":"30.12.1975","depth":"-13","has connection":false,"line":"МЦД-2","name":"Щукинская"}]}{"stations":[{"date":"10.09.2016","depth":"0","has connection":true,"line":"МЦД-2","name":"Стрешнево"}]}{"stations":[{"has connection":false,"line":"МЦД-2","name":"Красный Балтиец"}]}{"stations":[{"has connection":false,"line":"МЦД-2","name":"Гражданская"}]}{"stations":[{"date":"01.03.1991","depth":"-59","has connection":true,"line":"МЦД-2","name":"Дмитровская"}]}{"stations":[{"date":"01.05.1958","depth":"-46","has connection":false,"line":"МЦД-2","name":"Рижская"}]}{"stations":[{"has connection":true,"line":"МЦД-2","name":"Каланчёвская"}]}{"stations":[{"date":"13.03.1938","depth":"-40","has connection":true,"line":"МЦД-2","name":"Курская"}]}{"stations":[{"has connection":true,"line":"МЦД-2","name":"Москва Товарная"}]}{"stations":[{"has connection":false,"line":"МЦД-2","name":"Калитники"}]}{"stations":[{"date":"10.09.2016","depth":"0","has connection":true,"line":"МЦД-2","name":"Новохохловская"}]}{"stations":[{"date":"31.12.1966","depth":"-13","has connection":true,"line":"МЦД-2","name":"Текстильщики"}]}{"stations":[{"has connection":true,"line":"МЦД-2","name":"Кубанская"}]}{"stations":[{"has connection":false,"line":"МЦД-2","name":"Депо"}]}{"stations":[{"has connection":false,"line":"МЦД-2","name":"Перерва"}]}{"stations":[{"has connection":false,"line":"МЦД-2","name":"Курьяново"}]}{"stations":[{"has connection":false,"line":"МЦД-2","name":"Москворечье"}]}{"stations":[{"date":"30.12.1984","depth":"-8","has connection":true,"line":"МЦД-2","name":"Царицыно"}]}{"stations":[{"has connection":false,"line":"МЦД-2","name":"Покровская"}]}{"stations":[{"has connection":false,"line":"МЦД-2","name":"Красный Строитель"}]}{"stations":[{"has connection":false,"line":"МЦД-2","name":"Битца"}]}{"stations":[{"has connection":false,"line":"МЦД-2","name":"Бутово"}]}{"stations":[{"has connection":false,"line":"МЦД-2","name":"Щербинка"}]}{"stations":[{"has connection":false,"line":"МЦД-2","name":"Остафьево"}]}{"stations":[{"has connection":false,"line":"МЦД-2","name":"Силикатная"}]}{"stations":[{"has connection":false,"line":"МЦД-2","name":"Подольск"}]}